,lat,lng,cluster
1592,35.21860993,126.84470673,0
73,35.21980426,126.84573439,0
1537,35.21916544,126.84578996,0
1705,35.21976445092885,126.84648168850616,0
346,35.21944319,126.8457344,0
1338,35.21980426,126.84573439,0
1120,35.21822111,126.84623438,0
1110,35.21860993,126.84470673,0
280,35.21919321,126.8454011,0
266,35.21905436,126.84640102,0
52,35.21919321,126.8454011,0
1351,35.21916543,126.84515112,0
1101,35.2203042,126.84540107,0
47,35.21860993,126.84470673,0
229,35.21980426,126.84581772,0
1649,35.21944319,126.8457344,0
647,35.21980425,126.84542886,0
265,35.2203042,126.84540107,0
1322,35.21944319,126.8457344,0
1144,35.21860993,126.84470673,0
1145,35.21913768,126.84623436,0
303,35.21916544,126.84578996,0
1478,35.21916544,126.84578996,0
302,35.21916544,126.84578996,0
301,35.21916544,126.84578996,0
310,35.2203042,126.84540107,0
1246,35.21908213,126.84656767,0
1243,35.21860993,126.84470673,0
689,35.21860993,126.84470673,0
1228,35.21944319,126.8457344,0
1225,35.21913768,126.84623436,0
1224,35.21860993,126.84470673,0
201,35.21913768,126.84623436,0
296,35.21860993,126.84470673,0
1545,35.2182211,126.84562333,0
295,35.21919321,126.8454011,0
705,35.21860993,126.84470673,0
1181,35.21822111,126.84623438,0
471,35.21944319,126.8457344,0
1074,35.2182211,126.84562333,0
151,35.21860993,126.84470673,0
1510,35.21860993,126.84470673,0
422,35.21822108,126.84426234,0
1034,35.21908213,126.84656767,0
761,35.21980426,126.84573439,0
174,35.22041529,126.84537329,0
221,35.21980425,126.84542886,0
187,35.2203042,126.84573438,0
1494,35.21944319,126.8457344,0
13,35.21916544,126.84578996,0
1489,35.2203042,126.84540107,0
995,35.2203042,126.84540107,0
6,35.21860993,126.84470673,0
5,35.21944319,126.8457344,0
3,35.2182211,126.84562333,0
572,35.21860993,126.84470673,0
793,35.21860993,126.84470673,0
617,35.2182211,126.84562333,0
425,35.21913768,126.84623436,0
685,35.21860993,126.84470673,0
1052,35.21860993,126.84470673,0
1381,35.21860993,126.84470673,0
961,35.21916543,126.84515112,0
976,35.21976445092885,126.84648168850616,0
1043,35.21822111,126.84623438,0
1046,35.21860993,126.84470673,0
462,35.21522152,126.85042853,1
708,35.21536039,126.85020633,1
1559,35.21522152,126.85042853,1
500,35.21522152,126.85042853,1
1572,35.21536038,126.84970637,1
1395,35.21530483,126.84923419,1
510,35.21522152,126.85042853,1
1425,35.214401,126.849074,1
862,35.21530483,126.84923419,1
148,35.21533261,126.8496786,1
461,35.21522152,126.85042853,1
861,35.21536039,126.85020633,1
857,35.2153326,126.84901199,1
299,35.21536039,126.85020633,1
166,35.21547146,126.84837315,1
1382,35.21536039,126.85020633,1
1605,35.2153326,126.84901199,1
1371,35.2153326,126.84901199,1
1647,35.21547146,126.84837315,1
1651,35.2159578,126.8503396,1
497,35.21527705,126.84920642,1
526,35.21530483,126.84923419,1
463,35.21516597,126.85006746,1
1332,35.21547146,126.84837315,1
270,35.214401,126.849074,1
195,35.21536038,126.84970637,1
881,35.21536038,126.84970637,1
273,35.2152493,126.85042853,1
274,35.21544368,126.84834538,1
886,35.21536039,126.85020633,1
1564,35.21530483,126.84923419,1
1323,35.2148882,126.84909533,1
812,35.21533261,126.8496786,1
863,35.21527705,126.84920642,1
757,35.21544368,126.84834538,1
890,35.2153326,126.84901199,1
855,35.2153326,126.84901199,1
1586,35.21536039,126.85020633,1
1317,35.21536038,126.84970637,1
1316,35.21461045,126.84848428,1
1313,35.215530329349896,126.84971411487716,1
285,35.2136939,126.84934533,1
464,35.21516597,126.85006746,1
715,35.21516597,126.85006746,1
1307,35.21530483,126.84923419,1
1616,35.21461045,126.84848428,1
993,35.21436048,126.84845651,1
539,35.21527705,126.84920642,1
110,35.21394387,126.84923423,1
1124,35.2159578,126.8503396,1
657,35.21522152,126.85042853,1
1103,35.2136348,126.8493751,1
1102,35.21366612,126.84934533,1
1952,35.21438826,126.84909534,1
1089,35.21366612,126.84934533,1
372,35.2141105,126.84837319,1
645,35.21522152,126.85042853,1
644,35.2152493,126.85042853,1
432,35.21522152,126.85042853,1
1977,35.21544368,126.84834538,1
1065,35.21411052,126.84965085,1
838,35.2159578,126.8503396,1
61,35.2136348,126.8493751,1
1982,35.21438826,126.84909534,1
970,35.2153326,126.84901199,1
391,35.21436048,126.84845651,1
564,35.21461045,126.84848428,1
2006,35.21544368,126.84834538,1
2009,35.21544368,126.84834538,1
400,35.2153326,126.84901199,1
2020,35.21438826,126.84909534,1
14,35.2153326,126.84901199,1
2024,35.21438826,126.84909534,1
988,35.21527705,126.84920642,1
991,35.21536039,126.85020633,1
1002,35.21527705,126.84920642,1
593,35.2153326,126.84901199,1
994,35.21436048,126.84845651,1
625,35.21522152,126.85042853,1
1919,35.21522152,126.85042853,1
1127,35.214401,126.849074,1
205,35.21527705,126.84920642,1
936,35.21522152,126.85042853,1
935,35.21522152,126.85042853,1
933,35.2152493,126.85042853,1
1185,35.2148882,126.84909533,1
924,35.21516597,126.85006746,1
329,35.21597144,126.85031741,1
326,35.2153326,126.84901199,1
856,35.2153326,126.84901199,1
902,35.21530483,126.84923419,1
98,35.2152493,126.85042853,1
680,35.21536038,126.84970637,1
1806,35.21438826,126.84909534,1
901,35.21536039,126.85020633,1
814,35.21597143,126.84976191,1
895,35.21538817,126.85020633,1
336,35.21536039,126.85020633,1
441,35.21516597,126.85006746,1
937,35.21516597,126.85006746,1
1873,35.21544368,126.84834538,1
1136,35.2153326,126.84901199,1
1910,35.21536039,126.85020633,1
946,35.21522152,126.85042853,1
1902,35.21527705,126.84920642,1
938,35.21516597,126.85006746,1
1901,35.21527705,126.84920642,1
659,35.21516597,126.85006746,1
660,35.21516597,126.85006746,1
662,35.21461045,126.84848428,1
940,35.21458267,126.84848428,1
911,35.2148882,126.84909533,1
482,35.21605473,126.84828981,2
233,35.2160825,126.84828981,2
854,35.2167491,126.84901195,2
484,35.2187096,126.8485095,2
483,35.21662044938853,126.84859058480988,2
225,35.21694354,126.84976188,2
1438,35.21605473,126.84828981,2
1261,35.21605473,126.84828981,2
1399,35.21662044938853,126.84859058480988,2
1011,35.21869332,126.84851195,2
986,35.21644358,126.84901196,2
402,35.21624918,126.85037296,2
1060,35.21694354,126.84976188,2
1067,35.21694354,126.84976188,2
434,35.21662044938853,126.84859058480988,2
1083,35.21694354,126.84976188,2
362,35.21694353,126.84901195,2
440,35.21694354,126.84976188,2
1130,35.21694353,126.84901195,2
345,35.21694353,126.84898417,2
324,35.21694353,126.84901195,2
1206,35.21694354,126.84976188,2
1419,35.21605473,126.84828981,2
1220,35.21605473,126.84828981,2
1289,35.21633248,126.84898419,2
294,35.21605473,126.84828981,2
1325,35.21694354,126.84976188,2
1327,35.2167491,126.84901195,2
271,35.21694354,126.84976188,2
1345,35.21633248,126.84898419,2
872,35.21694354,126.84976188,2
1365,35.2167491,126.84901195,2
260,35.2167491,126.84901195,2
867,35.21694354,126.84976188,2
1384,35.21694354,126.84976188,2
866,35.21624918,126.85037296,2
475,35.21694354,126.84976188,2
1254,35.21694353,126.84901195,2
491,35.21822115,126.84834531,2
582,35.21694354,126.84976188,2
1485,35.21852667,126.84842863,2
505,35.21605473,126.84828981,2
519,35.21822115,126.84834531,2
763,35.2160825,126.84831759,2
1618,35.21624918,126.85037296,2
1857,35.217441613785105,126.85076467828232,2
706,35.21633248,126.84898419,2
546,35.21812324961763,126.84851697107749,2
511,35.21633248,126.84898419,2
709,35.21694354,126.84976188,2
664,35.2160825,126.84828981,2
1654,35.21605473,126.84828981,2
130,35.21694354,126.84976188,2
748,35.21605473,126.84828981,2
104,35.21694354,126.84976188,2
1659,35.21662044938853,126.84859058480988,2
747,35.21605473,126.84828981,2
65,35.21852667,126.84842863,2
738,35.21633248,126.84898419,2
746,35.21605473,126.84828981,2
744,35.2160825,126.84828981,2
1694,35.21605473,126.84828981,2
635,35.21812324961763,126.84851697107749,2
701,35.2167491,126.84901195,2
739,35.21633248,126.84898419,2
815,35.21605473,126.84828981,2
609,35.21694353,126.84901195,2
567,35.2160825,126.84828981,2
1512,35.21605473,126.84828981,2
568,35.21694354,126.84976188,2
1566,35.21633248,126.84898419,2
96,35.21605473,126.84828981,2
1507,35.21812324961763,126.84851697107749,2
1587,35.21605473,126.84828981,2
811,35.2167491,126.84901195,2
608,35.21638806,126.85067848,2
28,35.21812324961763,126.84851697107749,2
675,35.21274938,126.83851298,3
72,35.21288827,126.83931846,3
1140,35.21288827,126.83931846,3
1908,35.21230498,126.83826302,3
1904,35.21288826,126.83892961,3
1808,35.21291602,126.838263,3
1882,35.21288826,126.83892961,3
1854,35.21291602,126.8380408,3
1852,35.21230498,126.83826302,3
674,35.21208278,126.83812415,3
1874,35.21288826,126.83892961,3
1829,35.21288826,126.83892961,3
1831,35.2129438,126.838263,3
544,35.21271132978568,126.83825828846494,3
338,35.21269383,126.83829078,3
1173,35.21269383,126.83829078,3
665,35.21288827,126.83931846,3
1191,35.21269383,126.83829078,3
452,35.21288827,126.83931846,3
1836,35.21288826,126.83892961,3
1850,35.21288826,126.83892961,3
1219,35.21338823,126.84056834,3
1856,35.21288826,126.83892961,3
835,35.21272162,126.83967955,3
1916,35.2129438,126.838263,3
1980,35.21291602,126.8380408,3
1987,35.21291602,126.8380408,3
387,35.21208278,126.83812415,3
1992,35.2129438,126.838263,3
29,35.21274938,126.83851298,3
1996,35.2129438,126.838263,3
36,35.21274938,126.83851298,3
395,35.21269383,126.83829078,3
2005,35.21291602,126.8380408,3
421,35.21274938,126.83851298,3
2011,35.21291602,126.8380408,3
1010,35.21288827,126.83931846,3
415,35.21274938,126.83851298,3
569,35.21172174,126.8399851,3
1040,35.2128791,126.8393209,3
350,35.21172174,126.8399851,3
638,35.2128791,126.8393209,3
41,35.21291455194878,126.8388974140791,3
1917,35.21288826,126.83892961,3
1126,35.21272162,126.83967955,3
1928,35.2129438,126.838263,3
1929,35.21288826,126.83892961,3
1943,35.21288826,126.83892961,3
1948,35.21288826,126.83892961,3
640,35.21172174,126.84001288,3
1950,35.21244387,126.8390685,3
1953,35.21291602,126.8380408,3
1959,35.2129438,126.838263,3
1965,35.21280492,126.838263,3
371,35.21269383,126.83829078,3
651,35.2130827,126.84026282,3
375,35.21269383,126.83829078,3
363,35.2128791,126.8393209,3
1111,35.21269383,126.83829078,3
1805,35.21288826,126.83892961,3
868,35.21272162,126.83967955,3
844,35.21272162,126.83967955,3
412,35.21208278,126.83812415,3
128,35.21272162,126.83967955,3
1645,35.21271132978568,126.83825828846494,3
134,35.21172174,126.84001288,3
726,35.21172174,126.83973512,3
1331,35.21208278,126.83812415,3
1678,35.21291455194878,126.8388974140791,3
499,35.21269383,126.83829078,3
805,35.21269383,126.83829078,3
150,35.21274938,126.83851298,3
180,35.21269383,126.83829078,3
179,35.21269383,126.83829078,3
769,35.21274938,126.83851298,3
749,35.21274938,126.83851298,3
251,35.21269383,126.83829078,3
162,35.21269383,126.83829078,3
1295,35.21338823,126.84056834,3
1292,35.21158287,126.839874,3
168,35.21274938,126.83851298,3
1472,35.21172174,126.83973512,3
1474,35.21208278,126.83812415,3
829,35.21208278,126.83812415,3
227,35.21288827,126.83931846,3
1788,35.2129438,126.838263,3
1795,35.21288826,126.83892961,3
1783,35.21288826,126.83892961,3
686,35.21208278,126.83812415,3
821,35.21327713,126.84042947,3
1781,35.21305489,126.83784637,3
900,35.21288827,126.83931846,3
1778,35.2129438,126.838263,3
1276,35.21272162,126.83967955,3
1777,35.2129438,126.838263,3
691,35.21291455194878,126.8388974140791,3
1759,35.21269383,126.83829078,3
1628,35.20908383,126.88025938,4
252,35.21047252,126.87764847,4
958,35.21086137,126.87778733,4
956,35.21166686,126.87950938,4
1400,35.21047252,126.87764847,4
587,35.20947267,126.87989829,4
630,35.21047252,126.87764847,4
1577,35.21139145164912,126.88065928643437,4
224,35.21047252,126.87764847,4
975,35.21139145164912,126.88065928643437,4
2031,35.21065963767038,126.876626986289,4
1574,35.20463993,126.88281482,4
1997,35.20991706,126.87959275,4
1999,35.21180573,126.87953715,4
1538,35.21047252,126.87764847,4
1449,35.21086136,126.87762068,4
420,35.20908383,126.88025938,4
2037,35.21138908,126.87770399,4
2004,35.21069469,126.87617637,4
1804,35.21180573,126.87953715,4
1533,35.20908383,126.88025938,4
1858,35.2112733,126.8788002,4
1871,35.21180573,126.87953715,4
945,35.21047252,126.87764847,4
1309,35.21047252,126.87764847,4
723,35.21000041,126.88139815,4
1729,35.21063915,126.87653745,4
1726,35.21047252,126.87764847,4
1631,35.21002809,126.87550978,4
1748,35.21139145164912,126.88065928643437,4
1920,35.21180573,126.87953715,4
1669,35.20947267,126.87989829,4
1667,35.21050027,126.87609305,4
1658,35.21125023,126.87881501,4
1296,35.20908383,126.88025938,4
1830,35.21180573,126.87953715,4
306,35.21083355,126.87528755,4
540,35.21047252,126.87764847,4
1657,35.21166686,126.87950938,4
1363,35.20816719,126.87537095,4
1949,35.2112733,126.8788002,4
1648,35.21047252,126.87764847,4
1239,35.20947267,126.87989829,4
1259,35.21139145164912,126.88065928643437,4
1820,35.2112733,126.8788002,4
1087,35.21055583,126.87703741,4
1799,35.21180573,126.87953715,4
1736,35.21000041,126.88139815,4
489,35.21133287,126.83826304,5
917,35.20991637,126.83862416,5
952,35.20991637,126.83865193,5
516,35.2106385,126.83826306,5
478,35.20991636,126.83792977,5
969,35.20991637,126.83865193,5
966,35.20991637,126.83865193,5
654,35.2106385,126.83826306,5
791,35.21088845,126.83704094,5
950,35.20991637,126.83865193,5
951,35.20991637,126.83865193,5
954,35.20991637,126.83865193,5
495,35.21057310925684,126.83818075246764,5
727,35.20991637,126.83862416,5
0,35.2117217,126.83737422,5
1529,35.21088845,126.83704094,5
129,35.21091623,126.83706871,5
1693,35.21091623,126.83706871,5
1687,35.21057310925684,126.83818075246764,5
154,35.2117217,126.83737422,5
1629,35.21133287,126.83826304,5
171,35.20991637,126.83867971,5
1617,35.21057310925684,126.83818075246764,5
1600,35.21088845,126.83704094,5
1575,35.21088845,126.83704094,5
1003,35.21091623,126.83706871,5
122,35.20991637,126.83862416,5
208,35.20991636,126.83792977,5
215,35.20991637,126.83851305,5
1476,35.20991637,126.83862416,5
223,35.20991637,126.83851305,5
1457,35.21033296,126.83706873,5
1453,35.21016633,126.83826307,5
1418,35.20991637,126.83865193,5
1409,35.21136061,126.83648542,5
1394,35.21097179,126.8378742,5
1375,35.21136061,126.83648542,5
1374,35.21136061,126.83648542,5
1500,35.21091623,126.83706871,5
1372,35.21097179,126.8378742,5
119,35.2106385,126.83826306,5
1782,35.2109718,126.83815195,5
2042,35.21130509,126.83806861,5
4,35.21091623,126.83706871,5
10,35.2106385,126.83826306,5
2022,35.21122175,126.8369576,5
22,35.21088845,126.83704094,5
2002,35.21130509,126.83806861,5
1985,35.21122175,126.8369576,5
1978,35.2109718,126.83815195,5
1972,35.21130509,126.83806861,5
1971,35.2109718,126.83815195,5
1775,35.2109718,126.83815195,5
42,35.21091623,126.83706871,5
45,35.21057310925684,126.83818075246764,5
1940,35.2109718,126.83815195,5
74,35.21130509,126.83787419,5
1877,35.21063849,126.8374298,5
1861,35.21122175,126.8369576,5
1835,35.2109718,126.83815195,5
1828,35.2109718,126.83815195,5
99,35.21097179,126.8378742,5
109,35.2117217,126.83737422,5
1785,35.21122175,126.8369576,5
1967,35.2109718,126.83815195,5
272,35.21057310925684,126.83818075246764,5
288,35.21033296,126.83706873,5
1326,35.21133287,126.83826304,5
1180,35.21133287,126.83826304,5
389,35.2106385,126.83826306,5
1142,35.21088845,126.83704094,5
1189,35.21147171,126.83662429,5
1178,35.2117217,126.83737422,5
1198,35.20991636,126.83792977,5
1042,35.21130509,126.83787419,5
378,35.20991636,126.83792977,5
1078,35.2117217,126.83737422,5
1218,35.21097178,126.83745757,5
1037,35.21133287,126.83826304,5
374,35.2117217,126.83737422,5
1250,35.21091623,126.83706871,5
373,35.20991636,126.83792977,5
1231,35.21158283,126.83759643,5
1056,35.2117217,126.83737422,5
370,35.2117217,126.83737422,5
1263,35.21130509,126.83787419,5
1094,35.21057310925684,126.83818075246764,5
1286,35.21158283,126.83759643,5
1128,35.20991637,126.83867971,5
1300,35.2117217,126.83737422,5
575,35.2117217,126.83737422,5
1059,35.20694484,126.85976125,6
1870,35.20652821,126.85951128,6
1738,35.20650044,126.85948351,6
1070,35.20727814,126.86012232,6
1106,35.20652823,126.86065007,6
1790,35.20652821,126.85951128,6
1095,35.20677818,126.85928907,6
687,35.20730591,126.86012232,6
1817,35.20652821,126.85951128,6
1887,35.20694484,126.85976125,6
684,35.20652823,126.86065007,6
681,35.20652823,126.86026121,6
1762,35.20647269,126.86123335,6
1969,35.20652821,126.85951128,6
1935,35.20652821,126.85951128,6
1012,35.20730591,126.85978901,6
592,35.20694484,126.86012233,6
2041,35.20650044,126.85948351,6
987,35.20694484,126.8601501,6
2038,35.20652821,126.85951128,6
2036,35.20652821,126.85951128,6
1019,35.20730591,126.86012232,6
985,35.20694484,126.85976125,6
2017,35.20652821,126.85951128,6
611,35.20652821,126.85951128,6
2044,35.20650044,126.85948351,6
612,35.20652823,126.86065007,6
1029,35.206551,126.8594921,6
984,35.20730591,126.86012232,6
1973,35.20694484,126.85976125,6
980,35.20691707,126.8601501,6
1044,35.20652823,126.86062229,6
1049,35.20694484,126.8601501,6
1054,35.20661156,126.86095559,6
1888,35.20652821,126.85951128,6
1737,35.20691708,126.86070561,6
1701,35.20694485,126.86070561,6
1733,35.20652821,126.85951128,6
1557,35.20727814,126.86012232,6
1553,35.20694484,126.86012233,6
1190,35.20650044,126.85948351,6
1199,35.20652821,126.85951128,6
1483,35.20694484,126.86012233,6
1481,35.20730591,126.85978901,6
909,35.20694484,126.8601501,6
1458,35.20652823,126.86062229,6
849,35.20652823,126.86026121,6
1447,35.20650044,126.85948351,6
1443,35.20650044,126.85948351,6
1437,35.20694485,126.86070561,6
1260,35.20730591,126.86012232,6
1416,35.20694484,126.86012233,6
1405,35.20652823,126.86062229,6
1401,35.20694484,126.86012233,6
1389,35.20652823,126.86062229,6
1388,35.20652823,126.86062229,6
1312,35.20652823,126.86062229,6
1352,35.20652823,126.86062229,6
875,35.20652823,126.86065007,6
1571,35.20694484,126.85976125,6
1735,35.20677818,126.85928907,6
1579,35.20694484,126.86012233,6
1598,35.206551,126.8594921,6
1730,35.20694484,126.85976125,6
1709,35.20652823,126.86065007,6
1708,35.20694484,126.86012233,6
882,35.206551,126.8594921,6
1151,35.20652821,126.85951128,6
1692,35.20730591,126.85978901,6
1162,35.20652823,126.86062229,6
1686,35.20652823,126.86062229,6
1672,35.20650044,126.85948351,6
1662,35.20730591,126.86012232,6
1164,35.20652821,126.85951128,6
1655,35.20652821,126.85951128,6
752,35.20730592,126.86045562,6
1646,35.20727814,126.86012232,6
1172,35.20650044,126.85948351,6
1176,35.20691708,126.86070561,6
1615,35.20652823,126.86062229,6
1614,35.20730592,126.86045562,6
1613,35.20652823,126.86062229,6
1612,35.20652823,126.86062229,6
934,35.20691708,126.86070561,6
1590,35.20661156,126.86095559,6
1005,35.20730591,126.86012232,6
2045,35.20694484,126.85976125,6
577,35.20652823,126.86062229,6
278,35.20652821,126.85951128,6
411,35.20694484,126.85976125,6
436,35.20694484,126.8601501,6
418,35.20652821,126.85951128,6
290,35.20194723438197,126.85391998926096,6
357,35.20730591,126.86012232,6
240,35.20652823,126.86026121,6
514,35.20652823,126.86062229,6
70,35.20652821,126.85951128,6
304,35.20650044,126.85948351,6
247,35.20652823,126.86026121,6
269,35.20694484,126.8601501,6
428,35.20652821,126.85951128,6
309,35.20694484,126.85976125,6
312,35.20694485,126.86070561,6
503,35.20652823,126.86026121,6
153,35.20652823,126.86062229,6
313,35.20730592,126.86045562,6
21,35.20652821,126.85951128,6
11,35.20691708,126.86070561,6
192,35.20652823,126.86062229,6
555,35.21516585,126.8432625,7
1404,35.2138049,126.84348474,7
750,35.21516585,126.8432625,7
485,35.2149795,126.8436766,7
246,35.213648,126.844043,7
978,35.2138049,126.84348474,7
254,35.2138049,126.84348474,7
983,35.2138049,126.84348474,7
1810,35.21484665656522,126.844017506042,7
1602,35.21516585,126.8432625,7
729,35.2138049,126.84348474,7
692,35.21427707,126.84337363,7
1084,35.21516585,126.8432625,7
831,35.2146145,126.8433419,7
830,35.2146145,126.8433419,7
842,35.2145826,126.84434575,7
1515,35.213648,126.844043,7
553,35.2138049,126.84348474,7
1508,35.21516585,126.8432625,7
219,35.21363826,126.84406802,7
407,35.214555329102346,126.84401575988898,7
1148,35.21352542978512,126.84346851254912,7
1004,35.21363827,126.84434578,7
523,35.213648,126.844043,7
331,35.21363827,126.84434578,7
525,35.213648,126.844043,7
1194,35.21516585,126.8432625,7
972,35.2138049,126.84348474,7
1051,35.21352542978512,126.84346851254912,7
33,35.21352542978512,126.84346851254912,7
1275,35.21363827,126.84434578,7
600,35.21352542978512,126.84346851254912,7
626,35.21441832248273,126.8426600646228,7
787,35.21497144,126.84367914,7
908,35.21402711,126.84406801,7
457,35.2145826,126.84434575,7
1324,35.213648,126.844043,7
948,35.21363826,126.84406802,7
783,35.21499921,126.84365136,7
953,35.2138049,126.84348474,7
957,35.2138049,126.84348474,7
613,35.2138049,126.84345696,7
796,35.21491588,126.84342916,7
1925,35.21394378,126.84409579,7
965,35.21383267,126.84348474,7
964,35.2138049,126.84348474,7
962,35.2138049,126.84348474,7
619,35.2138049,126.84348474,7
759,35.21513808,126.84320695,7
1903,35.2142493,126.84373471,7
925,35.21383267,126.84348474,7
960,35.2138049,126.84348474,7
959,35.2138049,126.84348474,7
1623,35.20730594,126.86176106,8
1622,35.20694486,126.86131667,8
537,35.207197870156335,126.86259373125336,8
492,35.20697264,126.86123334,8
1227,35.20730598,126.86403864,8
1271,35.20730593,126.86109445,8
1241,35.20730594,126.86178884,8
1585,35.20730595,126.86203881,8
1573,35.20747259,126.86195548,8
1567,35.20652827,126.86251101,8
1354,35.20697265,126.86192772,8
1217,35.20652828,126.86367758,8
1163,35.20694486,126.86131667,8
1397,35.2069449,126.86337204,8
1398,35.207197870156335,126.86259373125336,8
1159,35.20694486,126.86131667,8
1341,35.20652828,126.8636498,8
241,35.20730593,126.86109445,8
1428,35.20730595,126.86242767,8
494,35.2069449,126.86337204,8
1321,35.20730595,126.86242767,8
1154,35.20730596,126.86267765,8
286,35.20652828,126.8636498,8
1152,35.20730594,126.86178884,8
1203,35.20730596,126.86267765,8
1455,35.20730594,126.86176106,8
1305,35.20730595,126.86203881,8
344,35.20694486,126.86131667,8
1450,35.20652827,126.86251101,8
1022,35.20730597,126.86359423,8
541,35.20730595,126.86242767,8
1742,35.20697264,126.86123334,8
949,35.20672267,126.86123335,8
1741,35.20730594,126.86176106,8
1740,35.20694488,126.86242768,8
1660,35.20652828,126.8636498,8
1757,35.20730595,126.86242767,8
1769,35.20650048,126.86192773,8
932,35.20694488,126.86242768,8
859,35.20672267,126.86123335,8
1743,35.20730597,126.86359423,8
1707,35.20730596,126.86267765,8
1703,35.20694486,126.86131667,8
1712,35.20730595,126.86245544,8
1746,35.20730595,126.86206659,8
1675,35.20730595,126.86203881,8
1984,35.20658384,126.86401088,8
388,35.20672267,126.86123335,8
458,35.20652828,126.86367758,8
105,35.20672267,126.86123335,8
586,35.20747259,126.86195548,8
2019,35.20688935,126.86345537,8
584,35.20730594,126.86178884,8
1681,35.20730595,126.86242767,8
1947,35.2127493,126.83401338,9
1349,35.21091617,126.8334857,9
758,35.21091617,126.8334857,9
636,35.21133279,126.83390232,9
1872,35.2127493,126.83401338,9
1195,35.2127493,126.83401338,9
1866,35.21230492,126.8349022,9
1183,35.21230488,126.83218022,9
1849,35.2127493,126.83401338,9
1391,35.21091617,126.8334857,9
1822,35.21230492,126.8349022,9
634,35.21133279,126.83390232,9
1818,35.21230492,126.8349022,9
767,35.21133279,126.83387454,9
1335,35.21133279,126.83387454,9
17,35.21094394,126.83351347,9
1266,35.21091617,126.8334857,9
1983,35.2127493,126.83401338,9
571,35.21091617,126.8334857,9
782,35.212281820152086,126.8339971052254,9
1216,35.21091617,126.8334857,9
297,35.21133279,126.83387454,9
1297,35.21230488,126.83218022,9
1976,35.2127493,126.83401338,9
775,35.21133279,126.83387454,9
44,35.21091615,126.83231913,9
1966,35.2127493,126.83401338,9
603,35.21133279,126.83390232,9
46,35.21230488,126.83218022,9
1330,35.21094394,126.83351347,9
762,35.21091615,126.83231913,9
1408,35.21091615,126.83231913,9
315,35.21091617,126.8334857,9
1410,35.21250605320084,126.83457664389312,9
702,35.21091617,126.8334857,9
1528,35.21230488,126.83218022,9
1524,35.21091615,126.83231913,9
191,35.21219382,126.83462445,9
361,35.21238564093246,126.83454160212854,9
1157,35.21094394,126.83354125,9
1583,35.21230488,126.83218022,9
1464,35.21094394,126.83354125,9
725,35.21250605320084,126.83457664389312,9
1584,35.21250605320084,126.83457664389312,9
1772,35.2127493,126.83401338,9
116,35.2127493,126.83401338,9
1463,35.21091617,126.8334857,9
1073,35.21230488,126.83218022,9
413,35.21250605320084,126.83457664389312,9
239,35.21230488,126.83218022,9
1155,35.21091617,126.8334857,9
108,35.212281820152086,126.8339971052254,9
649,35.21230488,126.83218022,9
997,35.21091615,126.83231913,9
1237,35.21133279,126.83390232,9
1859,35.18661597406043,126.83647930796552,10
1981,35.19266833,126.83926342,10
1677,35.19227943923591,126.83886497775578,10
1519,35.18930754,126.83593046,10
1006,35.19227943923591,126.83886497775578,10
2033,35.18661597406043,126.83647930796552,10
1930,35.18661597406043,126.83647930796552,10
799,35.18947419,126.83595824,10
1387,35.19261275,126.8374858,10
83,35.18930754,126.83593046,10
944,35.19227943923591,126.83886497775578,10
699,35.18930754,126.83593046,10
453,35.21513813,126.84637334,11
1033,35.2137498,126.8470593,11
397,35.21384304797752,126.84614466408028,11
1085,35.213000542302176,126.846106155788,11
916,35.21513813,126.84637334,11
930,35.2142771,126.84556788,11
1032,35.21361053,126.84642893,11
1108,35.21511036,126.84637334,11
322,35.21438822,126.84673444,11
426,35.21513813,126.84637334,11
427,35.21411046,126.84581786,11
1179,35.21346519495023,126.84530108224976,11
1000,35.21377716,126.84573454,11
1001,35.21377716,126.84573454,11
1147,35.21513813,126.84637334,11
1031,35.21361053,126.84642893,11
1135,35.21377716,126.84573454,11
1118,35.21361053,126.84642893,11
1109,35.21383275,126.84781769,11
445,35.21424934,126.84642891,11
1197,35.21411046,126.84581786,11
1099,35.213851,126.847819,11
1020,35.2136383,126.84617895,11
1129,35.21424934,126.84642891,11
990,35.21513813,126.84637334,11
1439,35.21394382,126.84634559,11
1269,35.21513813,126.84637334,11
1869,35.21424932,126.84526235,11
1860,35.21511036,126.84637334,11
1845,35.21511036,126.84637334,11
1838,35.21424932,126.84526235,11
94,35.21377716,126.84573454,11
97,35.213851,126.847819,11
100,35.21419379,126.84634559,11
1803,35.21511036,126.84637334,11
1802,35.21520670662662,126.84670760815015,11
1801,35.21511036,126.84637334,11
1797,35.21394382,126.84617894,11
107,35.21399936,126.84573453,11
111,35.21438822,126.84673444,11
1770,35.21474927,126.84559564,11
1758,35.21424934,126.84642891,11
121,35.2142771,126.84556788,11
1718,35.21424934,126.84642891,11
75,35.21361053,126.84642893,11
1716,35.21419379,126.84634559,11
1892,35.21511036,126.84637334,11
1900,35.21474927,126.84559564,11
1,35.21424934,126.84642891,11
2030,35.21474927,126.84559564,11
19,35.21399936,126.84573453,11
23,35.21438822,126.84673444,11
24,35.21377716,126.84573454,11
35,35.21419379,126.84634559,11
37,35.21377716,126.84573454,11
1968,35.21511036,126.84637334,11
1960,35.21394382,126.84617894,11
48,35.21377716,126.84573454,11
1958,35.21511036,126.84637334,11
49,35.21419379,126.84634559,11
1941,35.21511036,126.84637334,11
1936,35.21511036,126.84637334,11
1934,35.21394382,126.84617894,11
1913,35.21511036,126.84637334,11
1911,35.21511036,126.84637334,11
1893,35.21511036,126.84637334,11
1249,35.21511036,126.84637334,11
1715,35.21383275,126.84781769,11
1697,35.21511036,126.84637334,11
1451,35.21424934,126.84642891,11
897,35.21424932,126.84526235,11
1433,35.21513813,126.84637334,11
1427,35.21419379,126.84634559,11
242,35.21399936,126.84573453,11
1402,35.21419379,126.84634559,11
1390,35.21419379,126.84634559,11
253,35.21458262,126.84540122,11
1377,35.2142771,126.84556788,11
1369,35.21427712,126.84645669,11
262,35.21424934,126.84642891,11
1362,35.21361053,126.84642893,11
1315,35.21424934,126.84642891,11
289,35.21361053,126.84642893,11
292,35.2142771,126.84556788,11
298,35.21438822,126.84673444,11
1282,35.21384304797752,126.84614466408028,11
230,35.21424934,126.84642891,11
135,35.21511036,126.84637334,11
1462,35.21513813,126.84637334,11
1495,35.21377716,126.84573454,11
1689,35.21458263,126.84573452,11
143,35.21361053,126.84642893,11
1676,35.21458263,126.84573452,11
1661,35.21424934,126.84642891,11
1620,35.21513813,126.84637334,11
1582,35.21419379,126.84634559,11
1581,35.21458264,126.8462067,11
1569,35.21377716,126.84573454,11
1560,35.21458263,126.84573452,11
1551,35.21419379,126.84634559,11
1523,35.21458264,126.8462067,11
1522,35.21434282673664,126.84613155294744,11
1518,35.21458263,126.84573452,11
1511,35.21377716,126.84573454,11
211,35.21383275,126.84781769,11
1503,35.21424934,126.84642891,11
212,35.21394382,126.84634559,11
1468,35.21458264,126.8462067,11
884,35.21458263,126.84573452,11
578,35.21419379,126.84634559,11
1311,35.21424934,126.84642891,11
876,35.21352326694386,126.8451109700956,11
605,35.21513813,126.84637334,11
515,35.21384304797752,126.84614466408028,11
802,35.21513813,126.84637334,11
803,35.21513813,126.84637334,11
846,35.21513813,126.84637334,11
615,35.21361053,126.84642893,11
847,35.21463817,126.84542899,11
807,35.21511036,126.84637334,11
616,35.21424934,126.84642891,11
808,35.21511036,126.84637334,11
800,35.21424934,126.84642891,11
870,35.21458264,126.84648445,11
816,35.21511036,126.84637334,11
548,35.2136383,126.84617895,11
865,35.21513813,126.84637334,11
486,35.213851,126.847819,11
536,35.21458263,126.84573452,11
824,35.21513813,126.84637334,11
858,35.21458263,126.84573452,11
827,35.21458264,126.8462067,11
828,35.21458263,126.84573452,11
683,35.21383275,126.84781769,11
629,35.21513813,126.84637334,11
490,35.21458263,126.84573452,11
597,35.21399936,126.84573453,11
672,35.21424932,126.84526235,11
773,35.21377716,126.84573454,11
764,35.21513813,126.84637334,11
788,35.21513813,126.84637334,11
765,35.21438822,126.84673444,11
774,35.21513813,126.84637334,11
779,35.21513813,126.84637334,11
508,35.21458263,126.84573452,11
912,35.21883207,126.84112371,12
231,35.21883207,126.84112371,12
327,35.22099849,126.84081813,12
524,35.21883207,126.84112371,12
1277,35.21910597729612,126.84149653222424,12
115,35.22099849,126.84081813,12
213,35.21883207,126.84112371,12
573,35.21883207,126.84112371,12
437,35.21883207,126.84112371,12
501,35.21910597729612,126.84149653222424,12
1554,35.21910597729612,126.84149653222424,12
193,35.21910597729612,126.84149653222424,12
1131,35.21910597729612,126.84149653222424,12
864,35.21883207,126.84112371,12
226,35.221669632257814,126.840725844307,12
379,35.22191504,126.84031815,12
63,35.21883207,126.84112371,12
133,35.21883207,126.84112371,12
913,35.21910597729612,126.84149653222424,12
1234,35.21883207,126.84112371,12
417,35.221669632257814,126.840725844307,12
512,35.22099849,126.84081813,12
795,35.21910597729612,126.84149653222424,12
794,35.21883207,126.84112371,12
741,35.21883207,126.84112371,12
839,35.21883207,126.84112371,12
54,35.21910597729612,126.84149653222424,12
186,35.22019302,126.8406515,12
1215,35.21883207,126.84112371,12
1359,35.21883207,126.84112371,12
57,35.21883207,126.84112371,12
1201,35.22099849,126.8408459,12
554,35.21910597729612,126.84149653222424,12
1641,35.2064336,126.8706675,13
126,35.20463975,126.87217687,13
1639,35.20463975,126.87217687,13
1878,35.20590112844104,126.87171384597248,13
2043,35.20388981,126.8703715,13
2034,35.20388981,126.8703715,13
1865,35.206733693725496,126.87157571382087,13
2039,35.20590112844104,126.87171384597248,13
1690,35.2061014,126.8708406,13
359,35.2042509,126.87151028,13
1867,35.20388981,126.8703715,13
2026,35.20608403,126.87173243,13
1932,35.206733693725496,126.87157571382087,13
318,35.20463975,126.87217687,13
1933,35.20608403,126.87173243,13
325,35.2064336,126.8706675,13
2014,35.20536189,126.87217686,13
1905,35.20536189,126.87217686,13
1923,35.206733693725496,126.87157571382087,13
1747,35.20538968,126.87312122,13
1745,35.2042509,126.87151028,13
1165,35.2042509,126.87151028,13
836,35.20994411,126.83687431,14
552,35.20980524,126.83706874,14
655,35.2101663,126.83615215,14
1045,35.2101663,126.83615215,14
392,35.2101663,126.83615215,14
1755,35.2098803,126.8374548,14
1766,35.20949971,126.83654102,14
1719,35.20949971,126.83654102,14
380,35.20949971,126.83654102,14
1057,35.20769435,126.83556893,14
1038,35.2101663,126.83615215,14
1030,35.20975738873187,126.83742509094093,14
1055,35.20949971,126.83654102,14
717,35.20980524,126.83706874,14
1679,35.20902753,126.8359022,14
1302,35.2101663,126.83615215,14
1272,35.2098803,126.8374548,14
284,35.20902753,126.8359022,14
1264,35.2101663,126.83615215,14
1346,35.20902753,126.8359022,14
509,35.20949971,126.83654102,14
1361,35.2101663,126.83615215,14
513,35.20866648,126.83670769,14
1406,35.20874979,126.83595775,14
1204,35.20949971,126.83654102,14
804,35.20769435,126.83556893,14
676,35.20769435,126.83556893,14
1430,35.20902753,126.8359022,14
1480,35.20994411,126.83687431,14
1779,35.20936085,126.83742983,14
1171,35.2101663,126.83615215,14
1509,35.20994411,126.83687431,14
200,35.20902753,126.8359022,14
1138,35.20975738873187,126.83742509094093,14
1610,35.2101663,126.83615215,14
175,35.20902753,126.8359022,14
1664,35.20902753,126.8359022,14
1671,35.20874979,126.83595775,14
144,35.20975738873187,126.83742509094093,14
1448,35.20902753,126.8359022,14
1023,35.2101663,126.83615215,14
1285,35.20866648,126.83670769,14
1939,35.20936085,126.83742983,14
1807,35.20936085,126.83742983,14
877,35.20949971,126.83654102,14
624,35.20769435,126.83556893,14
894,35.21016629,126.83554109,14
1880,35.20936085,126.83742983,14
1834,35.20936085,126.83742983,14
923,35.20905900840268,126.83519233622224,14
1879,35.20936085,126.83742983,14
16,35.20962787195708,126.8372302977329,14
1796,35.20936085,126.83742983,14
1990,35.20936085,126.83742983,14
1881,35.20936085,126.83742983,14
560,35.20874979,126.83595775,14
1847,35.20866648,126.83670769,14
1793,35.20936085,126.83742983,14
1993,35.20936085,126.83742983,14
2000,35.20936085,126.83742983,14
979,35.20827,126.8359696,14
1035,35.18053043,126.81693237,15
367,35.18053043,126.81693237,15
1663,35.18053043,126.81693237,15
1100,35.2211931,126.85237266,16
1123,35.22133196,126.85115054,16
249,35.22130418,126.85115054,16
1619,35.22116533,126.85251153,16
1364,35.22116533,126.85251153,16
628,35.22116533,126.85251153,16
1370,35.22133196,126.85115054,16
1115,35.2211931,126.85237266,16
1114,35.22116533,126.85251153,16
455,35.22133196,126.85115054,16
256,35.22116533,126.85251153,16
753,35.22244295,126.85173379,16
250,35.22169131447119,126.8516352416907,16
1556,35.22133196,126.85115054,16
743,35.22116533,126.85251153,16
1606,35.22116533,126.85251153,16
469,35.21988769,126.85220604,16
64,35.22133196,126.85115054,16
1456,35.22116533,126.85251153,16
1465,35.22244295,126.85173379,16
1470,35.22133196,126.85115054,16
1907,35.22116533,126.85251153,16
220,35.22116533,126.85251153,16
333,35.22133196,126.85115054,16
334,35.22133196,126.85115054,16
929,35.221199023388955,126.8508394677052,16
339,35.22130418,126.85115054,16
317,35.22133196,126.85115054,16
716,35.22169131447119,126.8516352416907,16
926,35.22130418,126.85115054,16
1208,35.22133196,126.85115054,16
1209,35.22116533,126.85251153,16
1412,35.22133196,126.85115054,16
473,35.22116533,126.85251153,16
199,35.2211931,126.85237266,16
1558,35.22169131447119,126.8516352416907,16
1562,35.2211931,126.85237266,16
1570,35.22244295,126.85173379,16
320,35.22130418,126.85115054,16
1081,35.221199023388955,126.8508394677052,16
438,35.22169131447119,126.8516352416907,16
1080,35.221199023388955,126.8508394677052,16
971,35.22133196,126.85115054,16
1360,35.22116533,126.85251153,16
20,35.22116533,126.85251153,16
1303,35.22116533,126.85251153,16
460,35.2211931,126.85237266,16
268,35.22116533,126.85251153,16
488,35.2211931,126.85237266,16
507,35.2211931,126.85237266,16
1333,35.22169131447119,126.8516352416907,16
893,35.2211931,126.85237266,16
766,35.22116533,126.85251153,16
1761,35.22133196,126.85115054,16
95,35.22133196,126.85115054,16
998,35.22116533,126.85251153,16
282,35.22244295,126.85173379,16
786,35.22292943009585,126.85699992423802,16
393,35.22116533,126.85251153,16
889,35.22116533,126.85251153,16
1350,35.22116533,126.85251153,16
905,35.2188947,126.8532111,16
1021,35.22116533,126.85251153,16
465,35.22130418,126.85115054,16
1278,35.22133196,126.85115054,16
1018,35.22133196,126.85115054,16
404,35.2188947,126.8532111,16
1695,35.22244295,126.85173379,16
293,35.22116533,126.85251153,16
487,35.21991531,126.84281798,17
883,35.21947091,126.84281799,17
1310,35.2193623,126.842203,17
652,35.21947091,126.84281799,17
53,35.2192765,126.8430402,17
66,35.219119,126.843682,17
1212,35.219119,126.843682,17
772,35.21880434,126.84379014,17
1756,35.22022083,126.84306795,17
198,35.21994307,126.84229025,17
197,35.21877657,126.84381792,17
1283,35.22022083,126.84306795,17
228,35.21877657,126.84381792,17
1414,35.21947091,126.84281799,17
1175,35.21991531,126.84281798,17
1429,35.21877657,126.84381792,17
869,35.219119,126.843682,17
618,35.21947091,126.84281799,17
714,35.21991531,126.8427902,17
810,35.21985977,126.84373456,17
1517,35.22022083,126.84306795,17
433,35.219119,126.843682,17
1415,35.22022083,126.84306795,17
472,35.21985977,126.84373456,17
1791,35.2188248,126.8427451,17
238,35.22022083,126.84306795,17
873,35.21994307,126.84229025,17
892,35.22022083,126.84306795,17
323,35.22047079,126.84242911,17
1547,35.21997085,126.84231802,17
718,35.21947091,126.84281799,17
707,35.21947091,126.84281799,17
102,35.21947091,126.84281799,17
189,35.21994307,126.84229025,17
1642,35.21880434,126.84379014,17
695,35.22022083,126.84306795,17
1104,35.21944314,126.84281799,17
1342,35.21985977,126.84373456,17
2003,35.21991531,126.84281798,17
364,35.21941537,126.84304019,17
1066,35.22022083,126.84306795,17
160,35.22027637,126.84240134,17
159,35.22027637,126.84242911,17
263,35.2193623,126.842203,17
1071,35.21994307,126.84229025,17
682,35.21880434,126.84379014,17
141,35.22038747,126.84215136,17
632,35.21944314,126.84281799,17
1666,35.2204937,126.8424079,17
368,35.21947091,126.84281799,17
146,35.2204937,126.8424079,17
792,35.21985977,126.84373456,17
780,35.21997085,126.84231802,17
756,35.21877657,126.84381792,17
1995,35.21991531,126.84281798,17
1233,35.21877657,126.84381792,17
1386,35.2192765,126.8430402,17
232,35.21947093,126.84376235,17
502,35.21985977,126.84373456,17
185,35.2200264,126.84251245,17
1813,35.21860992,126.84379015,17
1226,35.21910984,126.84231804,17
358,35.22022083,126.84306795,17
354,35.21947091,126.84281799,17
39,35.21991531,126.84281798,17
1319,35.21947091,126.84281799,17
1825,35.21991531,126.8427902,17
1621,35.22022083,126.84306795,17
1624,35.21880434,126.84379014,17
167,35.21947091,126.84281799,17
2012,35.21991531,126.8427902,17
245,35.21927649,126.84279022,17
1267,35.21877657,126.84381792,17
279,35.21944314,126.84281799,17
1931,35.22138739,126.84420671,18
2032,35.22033195,126.84429006,18
1287,35.22030419,126.84506777,18
1951,35.22033195,126.84429006,18
740,35.22030419,126.84476224,18
732,35.22163735,126.84351232,18
1358,35.22083188,126.84304016,18
607,35.22083188,126.84304016,18
1223,35.22163735,126.84351232,18
1946,35.22033195,126.84429006,18
1937,35.22135961,126.84373453,18
8,35.22163735,126.84351232,18
38,35.2277142438336,126.83919127883524,18
798,35.22033195,126.84429006,18
25,35.22160957,126.84304014,18
1294,35.22033195,126.84429006,18
112,35.22083187,126.84281795,18
1915,35.22033195,126.84429006,18
1105,35.22135961,126.84373453,18
161,35.22033195,126.84429006,18
158,35.22163735,126.84351232,18
82,35.22160959,126.84440113,18
62,35.22172066,126.84306791,18
1082,35.22163736,126.84415115,18
677,35.22033195,126.84429006,18
631,35.22033195,126.84429006,18
87,35.22152643200226,126.84409080031608,18
88,35.2214268,126.8419316,18
1848,35.22033195,126.84429006,18
633,35.22163736,126.84415115,18
668,35.2203875,126.84426228,18
1843,35.22033195,126.84429006,18
90,35.22030419,126.84476224,18
123,35.22083189,126.84373454,18
1832,35.22033195,126.84429006,18
113,35.22083188,126.84304016,18
841,35.22019395209588,126.84387482831032,18
1780,35.22135961,126.84373453,18
1792,35.22033195,126.84429006,18
1776,35.22138739,126.84420671,18
1028,35.22152643200226,126.84409080031608,18
1875,35.22041526,126.84342902,18
1794,35.22033195,126.84429006,18
1771,35.22033195,126.84429006,18
843,35.22133184,126.84401228,18
120,35.2203875,126.84426228,18
103,35.22163735,126.84351232,18
408,35.22033195,126.84429006,18
410,35.22163735,126.84351232,18
106,35.22033195,126.84429006,18
77,35.22163736,126.84415115,18
1668,35.22160957,126.84351232,18
69,35.22169289,126.84304014,18
1149,35.22152643200226,126.84409080031608,18
1146,35.22033195,126.84429006,18
203,35.22083187,126.84281795,18
206,35.22019395209588,126.84387482831032,18
1156,35.22152643200226,126.84409080031608,18
1886,35.22033195,126.84429006,18
1552,35.2203875,126.84426228,18
210,35.22033195,126.84429006,18
1594,35.22083189,126.84373454,18
68,35.22160957,126.84304014,18
1884,35.22033195,126.84429006,18
1895,35.22033195,126.84429006,18
1906,35.22033195,126.84429006,18
76,35.22166513,126.84376229,18
177,35.22030419,126.84506777,18
173,35.22030419,126.84476224,18
67,35.22160957,126.84304014,18
172,35.22030419,126.84476224,18
165,35.2208319,126.84437337,18
813,35.22033195,126.84429006,18
1543,35.22160957,126.84351232,18
1754,35.2089447,126.8647052,19
1753,35.20880584,126.86592732,19
1637,35.20969461,126.86470519,19
1763,35.20983351,126.86623282,19
1526,35.20983351,126.86623282,19
1490,35.20836144,126.86512185,19
1475,35.207907919817,126.86512661940536,19
114,35.20983349,126.86498294,19
550,35.20880583,126.86495519,19
1751,35.207907919817,126.86512661940536,19
623,35.20880583,126.86495519,19
506,35.20969461,126.86470519,19
561,35.20791705,126.86539961,19
1650,35.2096989,126.8662079,19
1366,35.20791705,126.86539961,19
1674,35.20875802337949,126.86312560481238,19
1597,35.20791705,126.86539961,19
1595,35.20897248,126.86526071,19
1680,35.207907919817,126.86512661940536,19
1589,35.20880583,126.86495519,19
1696,35.207907919817,126.86512661940536,19
1563,35.20872247,126.86314979,19
1704,35.20791705,126.86539961,19
1721,35.2095602,126.8646882,19
1722,35.20836144,126.86512185,19
1555,35.20897248,126.86509406,19
2007,35.20727897411336,126.86795070804324,19
1638,35.21138884,126.8630664,19
547,35.21136106,126.8630664,19
1749,35.20969461,126.86470519,19
1673,35.20897248,126.86526071,19
720,35.20836144,126.86512185,19
479,35.20836144,126.86512185,19
1160,35.20880583,126.86495519,19
1251,35.20897248,126.86526071,19
989,35.20836144,126.86512185,19
823,35.20872247,126.86314979,19
399,35.20897248,126.86526071,19
330,35.20836144,126.86512185,19
888,35.20791705,126.86539961,19
1192,35.21288887,126.87520418,20
1193,35.21672177,126.87498188,20
522,35.2144571,126.8790766,20
1247,35.21416651,126.87520414,20
663,35.21416651,126.87520414,20
1205,35.21288887,126.87520418,20
1767,35.21263888,126.87420427,20
641,35.21672177,126.87498188,20
248,35.21288887,126.87520418,20
1339,35.214208392428624,126.87745456896558,20
751,35.21288887,126.87520418,20
1379,35.21347215,126.87559302,20
89,35.21427754,126.87167668,20
1373,35.21394432,126.87620406,20
419,35.2140295,126.8773976,20
477,35.21288887,126.87520418,20
481,35.21416651,126.87520414,20
737,35.21288887,126.87520418,20
1717,35.21288887,126.87520418,20
728,35.21288887,126.87520418,20
1683,35.214208392428624,126.87745456896558,20
1998,35.21263888,126.87400984,20
1596,35.2140295,126.8773976,20
349,35.21288887,126.87520418,20
1072,35.21427754,126.87167668,20
1640,35.21427754,126.87167668,20
287,35.21444426,126.87553744,20
1578,35.21288887,126.87520418,20
1471,35.214208392428624,126.87745456896558,20
673,35.21202782,126.8731766,20
1531,35.20741674,126.84406818,21
85,35.20897209,126.84223497,21
84,35.208565092976386,126.84433638967936,21
169,35.20897209,126.84223497,21
1599,35.20741674,126.84406818,21
1603,35.20613916,126.84704017,21
257,35.208565092976386,126.84433638967936,21
1514,35.20741674,126.84406818,21
711,35.208565092976386,126.84433638967936,21
2027,35.20914682258683,126.84192466824848,21
1625,35.20897209,126.84226275,21
138,35.20897209,126.84226275,21
1107,35.20897209,126.84226275,21
319,35.208565092976386,126.84433638967936,21
1184,35.20897209,126.84223497,21
382,35.2086527628611,126.84354783259197,21
1444,35.20738892,126.84137398,21
1053,35.20897209,126.84223497,21
1434,35.20897209,126.84223497,21
1076,35.20897209,126.84223497,21
826,35.20897209,126.84223497,21
1207,35.20741674,126.84406818,21
1423,35.20741674,126.84406818,21
735,35.20897209,126.84226275,21
1550,35.20747227,126.84256831,21
1017,35.20741674,126.84406818,21
137,35.20897209,126.84223497,21
1800,35.20914682258683,126.84192466824848,21
538,35.2086527628611,126.84354783259197,21
1090,35.20897209,126.84223497,21
467,35.20897209,126.84226275,21
789,35.20897209,126.84226275,21
620,35.20897209,126.84223497,21
771,35.208565092976386,126.84433638967936,21
442,35.20863200303578,126.84373194780626,21
928,35.20741674,126.84406818,21
768,35.20741674,126.84406818,21
468,35.208565092976386,126.84433638967936,21
1889,35.20766675,126.84598467,21
941,35.20897209,126.84223497,21
1607,35.19714007,126.84045765,22
1125,35.19714007,126.84045765,22
1293,35.19714007,126.84045765,22
790,35.19714007,126.84045765,22
1768,35.19714007,126.84045765,22
1765,35.19714007,126.84045765,22
1525,35.19480689,126.83418048,22
581,35.19714007,126.84045765,22
1187,35.19672343,126.83934664,22
1268,35.19672343,126.83937442,22
1989,35.19700115,126.8380412,22
832,35.2166379,126.84279028,23
1013,35.21666567,126.84240143,23
178,35.21666567,126.84240143,23
589,35.21666567,126.84240143,23
669,35.21663792,126.8437902,23
1314,35.21680455,126.84279028,23
535,35.21666567,126.84234588,23
1211,35.217709989443215,126.84212070664388,23
1210,35.217709989443215,126.84212070664388,23
599,35.21602687,126.84376244,23
921,35.21666567,126.84240143,23
914,35.217709989443215,126.84212070664388,23
602,35.21663793,126.84431793,23
974,35.2171934,126.84329023,23
2,35.21722116,126.84245697,23
40,35.21680455,126.84279028,23
837,35.2166379,126.84279028,23
142,35.21680455,126.84279028,23
1898,35.21787817691165,126.84274509967962,23
585,35.21689920770985,126.8401706087936,23
235,35.21680455,126.84279028,23
939,35.21680455,126.84279028,23
661,35.21680455,126.84279028,23
396,35.21666567,126.84240143,23
521,35.21722116,126.84245697,23
646,35.21608241,126.84273475,23
528,35.21719342,126.84448457,23
1132,35.21666567,126.84240143,23
637,35.21666567,126.84234588,23
1133,35.21663792,126.8437902,23
34,35.21689920770985,126.8401706087936,23
596,35.2166379,126.84279028,23
183,35.21663791,126.84337357,23
1343,35.21680455,126.84279028,23
1161,35.2155359699793,126.84227634146582,23
760,35.21666567,126.84240143,23
820,35.21663791,126.84337357,23
424,35.21602687,126.84376244,23
1153,35.21663792,126.8437902,23
1864,35.21787817691165,126.84274509967962,23
1962,35.21787817691165,126.84274509967962,23
1232,35.21663791,126.84337357,23
670,35.21663792,126.8437902,23
1601,35.21680455,126.84279028,23
518,35.21722116,126.84245697,23
1896,35.21563803,126.84351247,23
1279,35.21663791,126.84337357,23
896,35.21680455,126.84279028,23
1812,35.189696,126.81329357,24
1961,35.189696,126.81329357,24
1963,35.189696,126.81329357,24
878,35.18991818,126.81226588,24
556,35.19116807,126.81393237,24
1815,35.189696,126.81329357,24
1816,35.189696,126.81329357,24
2035,35.189696,126.81329357,24
899,35.212916,126.83681868,25
204,35.212938989738205,126.83596462097547,25
222,35.21319375,126.83687423,25
1117,35.21293224192996,126.83727061034052,25
778,35.212938989738205,126.83596462097547,25
1177,35.21241603,126.83540216,25
819,35.21286043,126.83581877,25
601,35.21286043,126.83581877,25
342,35.21261048,126.83687424,25
291,35.21293224192996,126.83727061034052,25
202,35.21261048,126.83687424,25
1143,35.21305488,126.83731864,25
1684,35.212474,126.836524,25
1122,35.21333262,126.83684645,25
1534,35.211643,126.836221,25
1634,35.21241603,126.83540216,25
1113,35.21327708,126.83742973,25
1301,35.21241603,126.83540216,25
1954,35.214989490550046,126.836906114551,25
365,35.21211051,126.83565214,25
1169,35.21241603,126.83540216,25
1505,35.21319375,126.83687423,25
1665,35.21319375,126.83687423,25
1284,35.21286043,126.83581877,25
1604,35.21241606,126.83720755,25
1086,35.21241606,126.83720755,25
369,35.21241603,126.83540216,25
55,35.21286043,126.83581877,25
1290,35.21252713,126.83529105,25
570,35.2156623,126.8352646,25
1139,35.21293224192996,126.83727061034052,25
530,35.21261048,126.83687424,25
480,35.212938989738205,126.83596462097547,25
1461,35.21286043,126.83581877,25
1025,35.21305488,126.83731864,25
734,35.21319375,126.83687423,25
1974,35.2128049,126.83690201,25
1784,35.2128049,126.83690201,25
1213,35.21241606,126.83720755,25
2016,35.2128049,126.83690201,25
1407,35.21286043,126.83581877,25
243,35.212938989738205,126.83596462097547,25
1897,35.21308266,126.83770749,25
848,35.212916,126.83681868,25
557,35.212938989738205,126.83596462097547,25
1821,35.21308266,126.83770749,25
955,35.21305488,126.83731864,25
1823,35.21308266,126.83770749,25
1894,35.21308266,126.83770749,25
454,35.21286043,126.83581877,25
474,35.21344373,126.83781858,25
1840,35.21529712286137,126.83816164032712,25
259,35.21286043,126.83581877,25
1841,35.21308266,126.83770749,25
1844,35.214989490550046,126.836906114551,25
1846,35.21308266,126.83770749,25
1347,35.21286043,126.83581877,25
981,35.21286043,126.83581877,25
1862,35.21529712286137,126.83816164032712,25
117,35.21319375,126.836902,25
1774,35.2128049,126.83690201,25
1787,35.21308266,126.83770749,25
1548,35.21293224192996,126.83727061034052,25
1970,35.214989490550046,126.836906114551,25
1734,35.21286043,126.83581877,25
124,35.21293224192996,126.83727061034052,25
1988,35.2128049,126.83690201,25
1050,35.21241603,126.83540216,25
667,35.21316597,126.83687423,25
666,35.21316597,126.83687423,25
943,35.21286043,126.83581877,25
1986,35.214989490550046,126.836906114551,25
118,35.21319375,126.836902,25
1257,35.1853356,126.82607033,26
1069,35.1853356,126.82607033,26
871,35.1853356,126.82604255,26
898,35.1853356,126.82607033,26
742,35.18761312,126.82623692,26
1134,35.1853356,126.82607033,26
833,35.1853356,126.82607033,26
1764,35.18061412,126.83829158,26
1568,35.21488826,126.85220616,27
1991,35.21516599,126.85115069,27
1068,35.21430497,126.85128959,27
853,35.2165361,126.8519008,27
43,35.21394391,126.85181733,27
1922,35.21516599,126.85115069,27
81,35.21430499,126.8520673,27
968,35.21430499,126.8520673,27
2008,35.21516599,126.85115069,27
1137,35.21488826,126.85234504,27
690,35.21513821,126.85115069,27
131,35.21538819,126.85131734,27
973,35.21488826,126.85220616,27
1885,35.21516599,126.85115069,27
1945,35.21380503,126.85126183,27
92,35.21513821,126.85115069,27
922,35.21394391,126.85181733,27
1944,35.21380503,126.85126183,27
947,35.21394389,126.85059522,27
1994,35.21516599,126.85115069,27
1119,35.21394389,126.85059522,27
1048,35.21488826,126.85220616,27
1015,35.21641589,126.85387264,27
1014,35.21488826,126.85234504,27
386,35.21430499,126.8520673,27
1009,35.21488826,126.85220616,27
1008,35.21513821,126.85115069,27
999,35.214867449410704,126.85236137427384,27
446,35.21394391,126.85181733,27
1058,35.21536043,126.8524839,27
543,35.21430499,126.8520673,27
919,35.21488826,126.85220616,27
1938,35.21394389,126.85056744,27
493,35.21513821,126.85115069,27
879,35.21644364,126.85217835,27
1626,35.21394391,126.85181733,27
604,35.21430499,126.8520673,27
1306,35.21488826,126.85220616,27
214,35.21430499,126.8520673,27
1459,35.21394391,126.85181733,27
1196,35.21519378,126.85248391,27
1158,35.21517624862601,126.85275635385916,27
1420,35.21394391,126.85181733,27
1258,35.21488826,126.85220616,27
2025,35.21516599,126.85115069,27
1236,35.21488826,126.85220616,27
1337,35.21488826,126.85220616,27
1238,35.21433276,126.85203952,27
2029,35.21516599,126.85115069,27
1368,35.21513821,126.85115069,27
504,35.21394391,126.85181733,27
1353,35.21488826,126.85220616,27
1274,35.21488826,126.85220616,27
704,35.21430499,126.8520673,27
1344,35.21488826,126.85220616,27
1540,35.21488826,126.85220616,27
498,35.214867449410704,126.85236137427384,27
1288,35.21488826,126.85234504,27
1883,35.18864084,126.82948661,28
1221,35.18966848,126.82845889,28
2010,35.19102945,126.82898659,28
1380,35.19105726,126.83090309,28
140,35.18966848,126.82845889,28
1728,35.21577757,126.88328672,29
1636,35.21847163,126.87875928,29
1608,35.220286,126.880179,29
1724,35.21577757,126.88328672,29
532,35.21883276,126.88228673,29
852,35.21847163,126.87875928,29
30,35.222323168120404,126.8496566092868,30
730,35.22247069,126.84951177,30
383,35.222323168120404,126.8496566092868,30
1112,35.22247069,126.84951177,30
1643,35.22241514,126.84948399,30
1644,35.22249846,126.84951177,30
579,35.22249846,126.84951177,30
903,35.22160965,126.84820635,30
606,35.22249846,126.84951177,30
1097,35.22247069,126.84951177,30
1062,35.22241514,126.84948399,30
1096,35.22249846,126.84951177,30
157,35.22241514,126.84948399,30
1064,35.22241514,126.84948399,30
136,35.22249846,126.84951177,30
156,35.22241514,126.84948399,30
155,35.22241514,126.84948399,30
390,35.22241514,126.84948399,30
1492,35.222323168120404,126.8496566092868,30
152,35.22247069,126.84951177,30
1270,35.22241514,126.84948399,30
1039,35.22241514,126.84948399,30
1909,35.22249846,126.84951177,30
305,35.22241514,126.84948399,30
1891,35.2257684895873,126.85173089360116,30
476,35.22241514,126.84948399,30
78,35.22241514,126.84948399,30
79,35.22241514,126.84948399,30
80,35.22241514,126.84948399,30
1546,35.22249846,126.84951177,30
703,35.222323168120404,126.8496566092868,30
1863,35.22241514,126.84948399,30
1248,35.22241514,126.84948399,30
977,35.22249846,126.84951177,30
1242,35.22241514,126.84948399,30
733,35.22241514,126.84948399,30
1240,35.22241514,126.84948399,30
314,35.22241514,126.84948399,30
1839,35.22249846,126.84951177,30
1378,35.22241514,126.84948399,30
1824,35.22249846,126.84951177,30
1235,35.22241514,126.84948399,30
1809,35.22241514,126.84948399,30
470,35.22241514,126.84948399,30
1541,35.22241514,126.84948399,30
520,35.22241514,126.84948399,30
942,35.22241514,126.84948399,30
562,35.222323168120404,126.8496566092868,30
86,35.22249846,126.84951177,30
1632,35.222323168120404,126.8496566092868,30
1536,35.22241514,126.84948399,30
1063,35.22241514,126.84948399,30
1588,35.222323168120404,126.8496566092868,30
713,35.22241514,126.84948399,30
184,35.22241514,126.84948399,30
188,35.22249846,126.84951177,30
574,35.22241514,126.84948399,30
1609,35.22241514,126.84948399,30
1298,35.22249846,126.84951177,30
1521,35.22249846,126.84951177,30
1166,35.22249846,126.84951177,30
697,35.22249846,126.84951177,30
1520,35.22241514,126.84948399,30
1280,35.222323168120404,126.8496566092868,30
1957,35.22241514,126.84948399,30
182,35.22241514,126.84948399,30
1956,35.22249846,126.84951177,30
1340,35.21129365941357,126.8476560925161,31
671,35.2113266531664,126.84975535727185,31
448,35.21238851,126.85015085,31
430,35.21058313,126.84873435,31
216,35.2113266531664,126.84975535727185,31
551,35.2113266531664,126.84975535727185,31
887,35.2122496,126.84837323,31
385,35.2122496,126.84837323,31
1007,35.21238851,126.85015085,31
1441,35.21058313,126.84873435,31
125,35.2113266531664,126.84975535727185,31
403,35.21058313,126.84873435,31
1299,35.21238851,126.85015085,31
190,35.2122496,126.84837323,31
1914,35.20987981594474,126.83900861310184,32
1513,35.20894190571505,126.83924358436592,32
101,35.20897207,126.84126283,32
1452,35.20902762,126.84079065,32
1291,35.20894190571505,126.83924358436592,32
818,35.20897207,126.84126283,32
1814,35.20936088,126.83901302,32
1924,35.20936088,126.83901302,32
2018,35.2093609,126.84009626,32
409,35.20936088,126.8390408,32
401,35.20936088,126.8390408,32
1591,35.20905536,126.83920746,32
176,35.20897208,126.84129061,32
1826,35.20974973,126.83945742,32
343,35.20902762,126.84081843,32
2015,35.20936088,126.83901302,32
341,35.20902762,126.84079065,32
910,35.20894190571505,126.83924358436592,32
845,35.20903698005198,126.83969650825368,32
529,35.20897207,126.84081843,32
1318,35.20894190571505,126.83924358436592,32
236,35.20905536,126.83920746,32
321,35.20902762,126.84079065,32
1047,35.209320291927455,126.8393734798616,32
1979,35.20897205,126.8400685,32
840,35.20936088,126.8390408,32
1424,35.20905536,126.83920746,32
1912,35.20936088,126.83901302,32
1739,35.20902762,126.84079065,32
1921,35.20897205,126.8400685,32
527,35.20894190571505,126.83924358436592,32
2021,35.20974973,126.83945742,32
209,35.20894190571505,126.83924358436592,32
234,35.209524,126.839433,32
1773,35.20897205,126.8400685,32
1732,35.20902762,126.84079065,32
1445,35.20894190571505,126.83924358436592,32
1469,35.20894190571505,126.83924358436592,32
381,35.20902762,126.84079065,32
1027,35.20894190571505,126.83924358436592,32
533,35.20902762,126.84079065,32
1273,35.20905536,126.83920746,32
1079,35.20903698005198,126.83969650825368,32
904,35.20894190571505,126.83924358436592,32
679,35.20905536,126.83920746,32
1484,35.2093609,126.84009626,32
145,35.20897207,126.84126283,32
1486,35.20897207,126.84126283,32
1535,35.20783331,126.84098511,32
1833,35.20897205,126.8400685,32
1245,35.20902762,126.84079065,32
1091,35.20894190571505,126.83924358436592,32
1530,35.20905536,126.83920746,32
149,35.20897208,126.84129061,32
576,35.20905536,126.83920746,32
356,35.20902762,126.84079065,32
1576,35.20936088,126.8390408,32
1506,35.20899982,126.83970742,32
1502,35.20894190571505,126.83924358436592,32
1493,35.20902762,126.84079065,32
1504,35.20897205,126.84004072,32
300,35.20902762,126.84079065,32
1482,35.20897208,126.84129061,32
874,35.20936088,126.8390408,32
139,35.20897207,126.84126283,32
1698,35.20902762,126.84079065,32
1473,35.20902762,126.84079065,32
797,35.20936088,126.8390408,32
825,35.20903698005198,126.83969650825368,32
614,35.20902762,126.84079065,32
1496,35.20902762,126.84079065,32
218,35.20936088,126.8390408,32
355,35.20894190571505,126.83924358436592,32
834,35.20894190571505,126.83924358436592,32
1652,35.20936088,126.8390408,32
860,35.20897207,126.84126283,32
1842,35.20987981594474,126.83900861310184,32
542,35.20894190571505,126.83924358436592,32
347,35.20897207,126.84081843,32
880,35.20897208,126.84129061,32
1479,35.209524,126.839433,32
429,35.20897207,126.84081843,32
1725,35.17153229,126.86640044,33
1706,35.22216561,126.87584278,34
444,35.22213784,126.8759261,34
1731,35.22213784,126.8759261,34
449,35.22213784,126.8759261,34
736,35.22213784,126.8759261,34
850,35.22213784,126.8759261,34
384,35.22213784,126.8759261,34
906,35.22213784,126.8759261,34
1714,35.22213784,126.8759261,34
588,35.22111022,126.87842591,34
1308,35.22213784,126.8759261,34
2028,35.16000578,126.86445645,35
627,35.22024873,126.85017843,36
622,35.22013762,126.84970625,36
1542,35.22094309,126.84990066,36
2023,35.22101645439782,126.8488887033165,36
405,35.22024873,126.85017843,36
276,35.22094309,126.84990066,36
1403,35.22094309,126.84990066,36
1532,35.22094309,126.84990066,36
261,35.22013762,126.84970625,36
423,35.22130414,126.84848411,36
598,35.22130414,126.84848411,36
621,35.22094309,126.84990066,36
1229,35.22013762,126.84970625,36
258,35.22024873,126.85017843,36
1827,35.22101645439782,126.8488887033165,36
93,35.22013762,126.84970625,36
51,35.22094309,126.84990066,36
32,35.22013762,126.84970625,36
755,35.2202487,126.84848413,36
1942,35.22101645439782,126.8488887033165,36
722,35.22094309,126.84990066,36
678,35.22088754,126.84990066,36
1026,35.22094309,126.84990066,36
1041,35.21994319,126.84906742,36
806,35.22044313,126.84903964,36
71,35.21994319,126.84906742,36
1499,35.22094309,126.84990066,36
1691,35.22094309,126.84990066,36
217,35.22094309,126.84990066,36
927,35.22013762,126.84970625,36
58,35.22130414,126.84848411,36
1501,35.22094309,126.84990066,36
1168,35.21994319,126.84906742,36
1682,35.22094309,126.84990066,36
710,35.22094309,126.84990066,36
688,35.22088754,126.84990066,36
281,35.21994319,126.84906742,36
745,35.21158338,126.87017688,37
1593,35.2095558,126.86828821,37
459,35.20872255,126.86803825,37
1222,35.2095558,126.86828821,37
1539,35.20875033,126.86803825,37
1467,35.21158338,126.87017688,37
1385,35.21430523,126.86620494,37
712,35.2095558,126.86828821,37
1121,35.21158338,126.87017688,37
1150,35.21108344,126.87064907,37
1516,35.20872255,126.86803825,37
1713,35.20958357,126.86837153,37
1202,35.20872255,126.86803825,37
1688,35.21158338,126.87017688,37
1635,35.21158338,126.87017688,37
931,35.2095558,126.86828821,37
164,35.2095558,126.86828821,37
337,35.21430523,126.86620494,37
394,35.2095558,126.86828821,37
1253,35.21158338,126.87017688,37
1170,35.21102792,126.87201006,37
549,35.20958357,126.86837153,37
1744,35.20872255,126.86803825,37
1442,35.20958357,126.86837153,37
1752,35.21108344,126.87064907,37
545,35.2095558,126.86828821,37
1685,35.20072404,126.9024243,38
1710,35.20216829,126.90070219,38
1851,35.21174954,126.84156829,39
982,35.21205507,126.84195714,39
1975,35.21174954,126.84156829,39
1487,35.2102775,126.84242936,39
451,35.2102775,126.84242936,39
590,35.21119406,126.84220714,39
610,35.21027536288128,126.84196201781457,39
1252,35.21119406,126.84220714,39
963,35.21127738,126.84198493,39
2040,35.21174954,126.84156829,39
1348,35.21119406,126.84220714,39
1876,35.21174954,126.84156829,39
1955,35.21174954,126.84156829,39
1627,35.2102775,126.84242936,39
1098,35.2102775,126.84242936,39
1356,35.21119406,126.84220714,39
1357,35.21119406,126.84220714,39
1491,35.21119406,126.84220714,39
26,35.21119406,126.84220714,39
1244,35.21119406,126.84220714,39
1088,35.21119406,126.84220714,39
1855,35.21005531,126.84245715,39
1367,35.21119406,126.84220714,39
59,35.2102775,126.84242936,39
496,35.21119406,126.84220714,39
398,35.21119406,126.84220714,39
583,35.21119406,126.84220714,39
1413,35.2103886,126.84242936,39
653,35.21119406,126.84220714,39
531,35.2102775,126.84242936,39
1789,35.21174954,126.84156829,39
591,35.21119406,126.84220714,39
1798,35.21174954,126.84156829,39
132,35.2102775,126.84242936,39
352,35.21119406,126.84220714,39
1265,35.21119406,126.84220714,39
907,35.2102775,126.84242936,39
1393,35.21119406,126.84220714,39
1811,35.21174954,126.84156829,39
1454,35.21205507,126.84195714,39
1432,35.21119406,126.84220714,39
1899,35.21174954,126.84156829,39
1256,35.21119406,126.84220714,39
1819,35.21005531,126.84245715,39
595,35.2102775,126.84242936,39
558,35.21119406,126.84220714,39
1460,35.2102775,126.84242936,39
1182,35.21227726,126.84165161,39
1837,35.21174954,126.84156829,39
7,35.21119406,126.84220714,39
414,35.21119406,126.84220714,39
566,35.21119406,126.84220714,39
1702,35.21027536288128,126.84196201781457,39
450,35.21663794,126.84515119,40
435,35.21563806,126.84526231,40
1262,35.21605469,126.84626221,40
56,35.21663797,126.84673438,40
1918,35.21497146,126.84481792,40
920,35.215350690072846,126.84639211547103,40
307,35.2166602,126.8445154,40
1320,35.21497144,126.84406799,40
1328,35.21497146,126.84481792,40
50,35.21513811,126.8450679,40
777,35.21513811,126.8450679,40
776,35.21513811,126.8450679,40
770,35.21530477,126.84570673,40
1255,35.21563806,126.84526231,40
1549,35.21513811,126.8450679,40
431,35.21563806,126.84526231,40
2013,35.21497146,126.84481792,40
1477,35.21663794,126.84515119,40
332,35.21663797,126.84673438,40
1077,35.21583249,126.84620667,40
376,35.21605469,126.84626221,40
1488,35.215350690072846,126.84639211547103,40
335,35.21513811,126.8450679,40
1093,35.21605469,126.84626221,40
1656,35.2166602,126.8445154,40
1653,35.21513811,126.8450679,40
1174,35.21513811,126.8450679,40
1498,35.21663796,126.8464844,40
1633,35.21513811,126.8450679,40
1116,35.2166602,126.8445154,40
1630,35.21605469,126.84626221,40
1964,35.21497146,126.84481792,40
2001,35.21497146,126.84481792,40
1544,35.215027,126.84434574,40
1561,35.21513811,126.8450679,40
1565,35.21513811,126.8450679,40
700,35.21599913,126.84548451,40
698,35.21605469,126.84626221,40
1141,35.21630465,126.84573448,40
719,35.21583249,126.84620667,40
194,35.21513811,126.8450679,40
696,35.21599913,126.84548451,40
1580,35.215350690072846,126.84639211547103,40
694,35.21605469,126.84626221,40
693,35.21594358,126.84548451,40
181,35.21513811,126.8450679,40
18,35.21605469,126.84626221,40
348,35.21513811,126.8450679,40
1711,35.21563806,126.84526231,40
1435,35.21605469,126.84626221,40
1230,35.21500129658001,126.84416823228638,40
406,35.21497144,126.84406799,40
328,35.21530477,126.84570673,40
1214,35.21513811,126.8450679,40
1016,35.21513811,126.8450679,40
1024,35.21663797,126.84673438,40
1421,35.21513811,126.8450679,40
12,35.21513811,126.8450679,40
264,35.21513811,126.8450679,40
656,35.21513811,126.8450679,40
244,35.21605469,126.84626221,40
1426,35.21605469,126.84626221,40
1396,35.21563806,126.84526231,40
731,35.21563806,126.84570672,40
237,35.21663797,126.84673438,40
1750,35.215350690072846,126.84639211547103,40
1440,35.21513811,126.8450679,40
1446,35.21513811,126.8450679,40
1727,35.21563806,126.84526231,40
643,35.215350690072846,126.84639211547103,40
1723,35.21513811,126.8450679,40
1036,35.21599913,126.84548451,40
1868,35.21613798,126.84423461,40
1700,35.19520077327395,126.86905068104528,41
1611,35.19808498,126.87439906,41
1760,35.19808498,126.87439906,41
967,35.19869603,126.87526008,41
891,35.19869603,126.87526008,41
594,35.22163704,126.82501396,42
311,35.22055378,126.822292,42
724,35.22022054,126.82565282,42
1527,35.22110929,126.82348633,42
1497,35.22163704,126.82501396,42
1422,35.22163704,126.82501396,42
1890,35.22174812,126.82418069,42
642,35.22055378,126.822292,42
1376,35.19994513,126.82995851,43
918,35.19994513,126.82995851,43
267,35.19994513,126.82995851,43
277,35.19994513,126.82995851,43
781,35.21888745,126.83120792,44
785,35.2188319,126.83126347,44
163,35.220162321411415,126.83168088729556,44
1334,35.22065878675182,126.8340433200044,44
559,35.220162321411415,126.83168088729556,44
1699,35.22105389,126.83242998,44
754,35.2188319,126.83126347,44
127,35.220162321411415,126.83168088729556,44
721,35.220162321411415,126.83168088729556,44
801,35.22065878675182,126.8340433200044,44
1167,35.19333466,126.82412585,45
1186,35.19333466,126.82412585,45
517,35.19139045,126.82482028,45
1431,35.211345811564115,126.8456829964255,46
1200,35.20952765,126.84631793,46
565,35.21074974,126.84626235,46
822,35.211345811564115,126.8456829964255,46
353,35.2095832,126.84626238,46
316,35.2095832,126.84626238,46
1670,35.211345811564115,126.8456829964255,46
377,35.20884685757785,126.84676663799344,46
563,35.211345811564115,126.8456829964255,46
9,35.21074974,126.84626235,46
1927,35.21179604797942,126.84523832934867,46
283,35.21074974,126.84626235,46
1281,35.211345811564115,126.8456829964255,46
639,35.211345811564115,126.8456829964255,46
439,35.20884685757785,126.84676663799344,46
817,35.21327716,126.84231819,47
1355,35.21302718,126.84198489,47
340,35.21302718,126.84198489,47
1304,35.21324938,126.84215154,47
658,35.21302718,126.84198489,47
1336,35.21324938,126.84215154,47
915,35.21302718,126.84198489,47
1383,35.21308272,126.84145716,47
1417,35.21308272,126.84145716,47
1411,35.21308272,126.84145716,47
885,35.21387039967335,126.8422184951998,47
443,35.21324938,126.84215154,47
1466,35.21308272,126.84145716,47
851,35.21308272,126.84145716,47
91,35.21308272,126.84145716,47
1061,35.21324938,126.84215154,47
1720,35.21308272,126.84145716,47
1075,35.21305495,126.84167936,47
648,35.21302718,126.84198489,47
147,35.21387039967335,126.8422184951998,47
992,35.21387039967335,126.8422184951998,47
1392,35.21302718,126.84198489,47
1092,35.21277721,126.8419849,47
275,35.21302718,126.84198489,47
534,35.21308272,126.84145716,47
170,35.21308272,126.84145716,47
996,35.21308272,126.84145716,47
308,35.21302718,126.84198489,47
784,35.22109770010371,126.83641816619988,48
580,35.21808207,126.83606862,48
1329,35.218115,126.8363071,48
255,35.21866532,126.83484649,48
351,35.219914209634524,126.8370879486792,48
1436,35.21671937422007,126.83815279941513,48
1926,35.2181057,126.8360685,48
60,35.21866532,126.83484649,48
447,35.22002402725568,126.8362798804684,48
1853,35.2181057,126.8360685,48
416,35.21866532,126.83484649,48
650,35.21671937422007,126.83815279941513,48
15,35.22002402725568,126.8362798804684,48
31,35.21866532,126.83484649,48
366,35.21999852,126.83629078,48
360,35.22002402725568,126.8362798804684,48
456,35.21866532,126.83484649,48
196,35.22109770010371,126.83641816619988,48
207,35.22016263910748,126.83693524715196,48
1188,35.22002402725568,126.8362798804684,48
27,35.21671937422007,126.83815279941513,48
466,35.2188010286357,126.83839119233544,48
1786,35.231681399370295,126.8515287149236,49
809,35.23080331,126.86323256,49
